{"id":"1067865355386634281","timestamp":"2023-01-25T17:55:40","isPinned":"false","content":"Howdy y’all! \n\nWelcome to our brand new channel for all the fun little updates happening here at Midjourney! As our incredible community grows, we’ve realized that there is a need for more visibility into our more day-to-day type updates. So, here we are! The #recent-changes channel is meant for everything that doesn’t quite fit into our #status channel (meant for service outages) or our #announcements channel (meant for big shiny new things). If you’d like to follow along, we’ve enabled the ability to add this channel to your own discord server by clicking the “follow” button below. \n\nIn terms of frequency, we don't have a set schedule for updates - but when we do post in here, it will be in larger chunks like this current message you are reading now. It could be a couple of days in between updates, or it could be a couple of weeks.\n\n**So, what’s new in 2023 so far?**\n- Prompts that use “soft banned” words should no longer disappear when generating in users  DM’s\n- Changed the initial job message from saying “0%” to \"waiting to start\" \n- Fixed the `--stop` parameter when being used with `--niji`\n- Instantly deletes discord message of jobs when it gets canceled in users DM’s (to cancel a job in discord, react to the message with the ❌ emoticon)\n- Fixed \"report job\" hanging when clicked (to report a generation from discord, right click a message and go to apps > report job)\n- Added `--niji` suffix as the default for `/blend` on the niji bot\n- Improved Image Prompting\n> - The two main things it improved is the blurriness, and the “white-shifting” problem. Using image prompts should now generate sharper and better contrasted results.\n- `/blend` command has been updated\n> - Added optional “dimensions” field with “portrait, landscape, square” options. Portrait mode is 2:3 and Landscape is 3:2. \n> - Removed the `--v 4` default suffix and added support for user-set suffixes (users normal suffixes will now automatically appear on `/blend` generations)\n> - The “dimensions” field will take precedence to any `--ar` command set in the user’s suffixes\n\nAnd lastly, my most favorite new update~ We have deployed our new official docs!! Go take a look - extra (fake) points for you if you find the page full of cats 🙂 https://docs.midjourney.com/","guild_name":"Midjourney","channel_name":"recent-changes","author_name":"fnuckle","author_avatarUrl":"https://cdn.discordapp.com/avatars/211593057320042497/ac77252b047f2c56ba9618afbc7aa934.png?size=512","attachments":"false","mentions":"false"}
{"id":"1071145146504204399","timestamp":"2023-02-03T19:08:23","isPinned":"true","content":"**Hi y’all, welcome back! Here is another round of updates that have happened since we last checked in:**\n\n**-  Fixed `--stylize` when using v4**\n> For context, using `--stylize 100` was giving different results when using a specific seed than when not using the stylize parameter. This was a bug, since seeds are supposed to be deterministic in v4 (meaning you will always get the same result when using the same seed/prompt), and `--stylize 100` is the default setting for all jobs (whether you specify it or not). We fixed this, so now everything should work as expected.\n\n**- Added a new `resubmit` button when receiving an error on the `/imagine` command**\n> Later updated the button to no longer appear on \"invalid parameter\" errors\n\n**- What we used to call `private` is now called `stealth`. We updated text in the bot to reflect this change - still works the same as before otherwise. **\n> Why did we change the name? There was a lot of confusion about what exactly the term “private” meant. When most people were asking about private, they were asking if there was a way to generate within discord without others seeing or interacting with their images. Stealth mode, however, refers to hiding your generations on the Midjourney website only. By breaking these two concepts apart, we hope to make it clearer what the difference is! For more info, please see https://docs.midjourney.com/docs/stealth\n\n**- Added more aspect ratios! For more info on the new `--ar` options, see #announcements !**","guild_name":"Midjourney","channel_name":"recent-changes","author_name":"fnuckle","author_avatarUrl":"https://cdn.discordapp.com/avatars/211593057320042497/ac77252b047f2c56ba9618afbc7aa934.png?size=512","attachments":"false","mentions":"false"}
{"id":"1073512699457196042","timestamp":"2023-02-10T07:56:12","isPinned":"true","content":"Just a few updates this week:\n\n- **Feature:** Style 4c added as new default, can be set manually with `--style 4c`. The previous default styles can be set with `--style 4a` and `--style 4b`. 4a and 4b are not compatible with aspect ratios greater than 2:3.\n\n- **Change:** niji・journey Bot now defaults to an aspect ratio of 3:4 (previously 2:3). @Midjourney Bot generations using `--niji` still default to 1:1.\n\n- **Bugfix:** Soft banned words no longer take priority over other banned words when used in the same prompt.","guild_name":"Midjourney","channel_name":"recent-changes","author_name":"ancient_chaos","author_avatarUrl":"https://cdn.discordapp.com/avatars/275515887656632320/caacd0e66148bda5f5510c050f1ece8d.png?size=512","attachments":"false","mentions":"true"}
{"id":"1078760489208782911","timestamp":"2023-02-24T19:29:03","isPinned":"false","content":"Hi y’all! Here’s what’s happened since our last update:\n\n**- Feature:** New roles and the ability to curate our server's channel list! You can select new roles here: <id:customize>  and curate the channels you see here: <id:browse>\n\n> - To revert back to seeing all channels, right click the Midjourney server icon in the sidebar and select “Show All Channels”\n\n**- Feature:** Added `/docs` and `/faq` commands to Charon bot\n\n> - `/docs` will post links from https://docs.midjourney.com/ and `/faq` will post links to threads from #prompt-faqs. Both of these commands can be used by anybody in the main Midjourney server. \n\n> - This isn’t new, but we also have an `/ask` command! This will work in all servers. Try asking it a question next time you need some help.\n\n**- Change:** Updated description for the `/imagine` command\n\n**- Change:** Adjusted the nsfw image prompt error message to be nicer\n\n**- Change:** New website updates - it's still a work in progress, so hold tight!\n\n**- Bugfix:** Some misc bugs related to running older jobs were fixed","guild_name":"Midjourney","channel_name":"recent-changes","author_name":"fnuckle","author_avatarUrl":"https://cdn.discordapp.com/avatars/211593057320042497/ac77252b047f2c56ba9618afbc7aa934.png?size=512","attachments":"false","mentions":"false"}
{"id":"1098868420117803108","timestamp":"2023-04-21T07:10:47","isPinned":"false","content":"It's been a while since the last one of these, so we have *a lot*:\n\n**- Feature:** Added a Midjourney status page here: https://status.midjourney.com/\n\n**- Feature:** `/describe` was released. See details for updates since it has gone live.\n> - Now works on `relax` mode\n> - Is no longer ephemeral in servers\n> - should no longer return banned words\n> - Now has a NSFW image filter detector, similar to the image prompt filter\n\n**- Feature:** `Permutations` and `--repeat` features were added. \n> - Extraneous } are now flagged\n> - Permutations confirmation window now truncates templates that are more than 2000 characters long\n> - To learn more about permutations, take a look at https://docs.midjourney.com/docs/permutations\n\n**- Feature:** Linked roles! You should now be able to see your super user badges when linked. Currently this only works for the 1k role. You can read more about linked roles here: https://support.discord.com/hc/en-us/articles/10388356626711-Connections-Linked-Roles-Admins\n\n**- Change:**  `--v 5` is capped at `--q 1`. Using `--q 2` in `--v 5` prompts *will* still run, but on the backend is rounded down to 1. This was kept in place so that old jobs can still be run.\n\n**- Change:**  `/describe` resubmit button has been changed from \"Resubmit\" to 🔄 to be consistent with `/imagine`. \n\n**- Change:** Added \"Reset Settings\" button in `/settings`. \n\n**- Change:** Fixed description of `/invite` (niji bot). \n\n**- Bugfix** Fixed the \"Cancel All\" button. \n\n**- Bugfix** Using the ❌ reaction emote to delete jobs works again. \n\n**- Bugfix** Using the ✉️ reaction on `--v 5` upscales now returns the seed and job information. \n\n**- Bugfix** Variations on image prompts without text prompts now work again. \n\n**- Coming Soon** Better billing support! :partyblob:","guild_name":"Midjourney","channel_name":"recent-changes","author_name":"ancient_chaos","author_avatarUrl":"https://cdn.discordapp.com/avatars/275515887656632320/caacd0e66148bda5f5510c050f1ece8d.png?size=512","attachments":"false","mentions":"false"}
{"id":"1110306451689320540","timestamp":"2023-05-22T20:41:26","isPinned":"false","content":"Hello, we are back again with more updates!\n\n**Feature:** LLM Moderation has been added to the bot! See relevant #announcements for more details. This system will continue to get better as time goes on. If you have a prompt that was blocked that shouldn't have been, please drop the full prompt in #ai-mod-bugs for the devs to take a look at. \n\n**Change: ** When remix mode is enabled, you can now remix entire grids via the re-roll button (instead of only being able to remix individual images previously). You can turn remix mode on and off by using the `/prefer remix` command.\n\n**Change:** Occasional captcha's have been added to the service. They will appear in your DM's now. This addition is to help prevent automation abuse. Please be aware that using third party apps or scripting to automate your Midjourney creations is strictly against our TOS. You can read our Terms of Service here: https://docs.midjourney.com/docs/terms-of-service\n\n**Change:** Buttons now turn red if there is an something wrong that needs your attention (this includes captchas, but also errors such as \"queue full\").\n\n**Change:** Slightly reworked `/settings` panel. Expect some more changes to this command to come as Midjourney continues to update its models and features.\n\n**Change:** Error messages will now contain your prompt by default.\n\n**Bugfix: **\"Burnt\" image results when using `--q 0.25` + `--v 5` has been fixed.","guild_name":"Midjourney","channel_name":"recent-changes","author_name":"fnuckle","author_avatarUrl":"https://cdn.discordapp.com/avatars/211593057320042497/ac77252b047f2c56ba9618afbc7aa934.png?size=512","attachments":"false","mentions":"false"}